state	deck	nply	cand	move0	move	prio	dQ_est	se_est	dQ_refA	se_refA	dQ_refB	se_refB
1	14	31	1	Yxd0	B10p0	0.139	-0.26	1.00	-6.09	2.31	-0.90	0.57
1	14	31	2	Yxd0	G2p0	0.023	-0.45	1.80	-11.81	2.60	-6.08	0.69
2	13	32	1	W9p0	G3p0	0.352	1.01	2.18	-0.69	1.11	1.17	0.71
2	13	32	2	W9p0	B9p0	0.114	-1.60	1.81	-3.72	1.67	-2.74	0.64
2	13	32	3	W9p0	R10p0	0.087	-1.39	1.45	-3.00	1.61	-1.22	0.62
2	13	32	4	W9p0	W10p0	0.042	-0.30	1.64	-5.16	1.66	-3.98	0.65
3	12	33	1	Wxd0	B10p0	0.171	-1.52	1.09	-0.03	1.72	-0.75	0.58
3	12	33	2	Wxd0	Rxp0	0.087	0.72	1.94	0.22	2.28	-0.57	0.61
3	12	33	3	Wxd0	R6p0	0.049	-0.07	1.64	-2.47	2.07	1.10	0.69
4	11	34	1	G3p0	W10p0	0.212	-1.97	1.39	-1.08	1.88	-0.90	0.54
4	11	34	2	G3p0	R10p0	0.101	-2.47	1.52	-0.73	1.66	-2.04	0.57
4	11	34	3	G3p0	B9p0	0.084	-3.32	1.55	-2.33	1.70	-3.61	0.58
4	11	34	4	G3p0	G5p0	0.030	-7.74	1.66	-7.64	2.08	-6.47	0.57
5	10	35	1	B10p0	Rxd0	0.166	1.19	1.35	2.42	1.75	1.38	0.51
5	10	35	2	B10p0	G2d0	0.166	1.42	2.37	3.06	1.67	1.39	0.68
5	10	35	3	B10p0	R6d0	0.119	-0.96	1.43	1.64	1.77	0.41	0.53
5	10	35	4	B10p0	Gxd0	0.101	-0.47	1.31	1.00	1.48	1.01	0.47
6	9	36	1	G5p0	W10p0	0.242	-1.30	1.35	1.92	1.52	-0.31	0.51
6	9	36	2	G5p0	B9p0	0.119	-1.47	1.28	0.00	1.72	-0.81	0.52
6	9	36	3	G5p0	R10p0	0.111	-1.57	1.55	1.31	1.78	-0.49	0.53
6	9	36	4	G5p0	G5p5	0.023	1.98	2.78	-0.55	3.44	-2.33	0.79
7	8	37	1	B10p0	B4d0	0.260	2.34	1.36	-3.92	1.73	-0.55	0.46
7	8	37	2	B10p0	Rxd0	0.124	2.57	0.99	2.11	1.09	2.00	0.66
7	8	37	3	B10p0	G2d0	0.120	3.06	1.99	2.69	1.16	1.85	0.39
7	8	37	4	B10p0	Gxd0	0.076	2.78	0.84	0.97	1.40	1.92	0.37
8	7	38	1	G5p0	G5p5	0.177	-2.59	1.71	-3.69	2.06	-3.58	0.51
8	7	38	2	G5p0	G5p3	0.125	-1.94	1.70	-0.77	2.14	-3.01	0.51
8	7	38	3	G5p0	G5p1	0.120	-1.28	1.77	-2.72	1.80	-2.52	0.51
8	7	38	4	G5p0	R9p0	0.089	-1.71	1.00	1.92	1.05	-1.06	0.35
10	14	31	1	R5p0	R5p3	0.243	-2.49	2.26	-0.62	3.08	-0.14	0.51
10	14	31	2	R5p0	G7p0	0.202	0.20	0.78	0.84	1.81	0.69	0.71
10	14	31	3	R5p0	G7p3	0.154	-2.66	2.27	-0.14	2.82	0.84	0.63
10	14	31	4	R5p0	R5p1	0.033	-2.15	2.46	-1.12	3.26	-0.45	0.65
11	13	32	1	W10p0	Rxd0	0.145	0.11	0.71	0.95	2.09	-0.29	0.42
11	13	32	2	W10p0	B6p0	0.132	-0.75	0.72	-4.34	1.80	-0.39	0.44
12	12	33	1	G7p0	R6p0	0.218	0.85	0.87	1.84	1.30	-0.95	0.47
12	12	33	2	G7p0	G7p3	0.186	-0.96	2.27	3.97	2.34	-0.22	0.64
12	12	33	3	G7p0	R6p3	0.158	-0.80	2.28	3.56	2.33	-0.06	0.67
12	12	33	4	G7p0	G7p1	0.044	1.39	2.38	2.16	2.01	-0.24	0.64
13	12	34	1	Yxd0	B6p0	0.134	-0.40	0.87	-3.11	1.21	-0.28	0.41
14	11	35	1	G7p0	R7p0	0.317	-0.04	0.12	-0.61	0.94	-0.01	0.41
14	11	35	2	G7p0	G7p3	0.040	1.96	2.23	-1.38	2.44	-0.28	0.63
14	11	35	3	G7p0	G7p1	0.036	2.22	2.38	1.52	2.62	0.32	0.66
14	11	35	4	G7p0	G8p0	0.025	-13.15	1.15	-11.08	1.10	-11.18	0.47
15	10	36	1	Gxd0	B6p0	0.199	0.54	0.92	-0.39	2.00	-0.49	0.37
15	10	36	2	Gxd0	G10p0	0.096	-5.57	1.34	-4.67	1.54	-3.06	0.38
16	9	37	1	R7p0	G8p0	0.236	-0.58	0.76	1.66	1.43	0.49	0.51
16	9	37	2	R7p0	R7p3	0.059	-2.28	1.96	-3.11	2.10	-1.35	0.56
16	9	37	3	R7p0	R7p1	0.053	-3.35	1.87	-1.20	2.39	-1.35	0.59
16	9	37	4	R7p0	R7p4	0.039	-2.92	1.93	-1.95	2.36	-1.05	0.57
17	8	38	1	B6p0	G10p0	0.088	-3.00	0.98	-3.36	1.33	-3.45	0.36
17	8	38	2	B6p0	B6p1	0.039	-0.14	1.91	0.36	2.70	-1.16	0.56
17	8	38	3	B6p0	B6p4	0.034	0.12	1.90	0.42	2.44	-1.29	0.54
17	8	38	4	B6p0	B6p3	0.033	-0.08	1.91	0.05	2.45	-0.92	0.55
18	7	39	1	G8p0	R9p0	0.143	0.40	0.63	-0.33	0.80	-0.14	0.33
18	7	39	2	G8p0	G8p3	0.134	-1.40	1.52	1.58	2.30	-1.74	0.51
18	7	39	3	G8p0	G8p1	0.118	-1.24	1.63	0.30	2.25	-1.00	0.51
18	7	39	4	G8p0	G8p4	0.082	-1.36	1.54	2.03	2.07	-0.57	0.52
19	6	40	1	B8p0	G10p0	0.066	-1.82	0.69	-3.16	0.76	-2.59	0.28
19	6	40	2	B8p0	B8p1	0.049	-2.34	1.48	-0.98	1.77	-2.22	0.44
19	6	40	3	B8p0	B8p4	0.043	-2.53	1.47	-2.72	1.86	-2.57	0.44
19	6	40	4	B8p0	B8p3	0.040	-2.30	1.48	-2.86	1.73	-2.10	0.43
20	14	32	1	R2p0	Y10p0	0.359	-1.21	1.29	-1.23	1.82	-1.43	0.57
20	14	32	2	R2p0	G6p0	0.118	2.90	2.77	0.34	1.39	0.20	0.66
20	14	32	3	R2p0	W4d0	0.110	-3.71	1.63	-0.20	1.71	-7.67	0.66
20	14	32	4	R2p0	R3p0	0.025	-4.39	1.75	-6.23	2.44	-6.73	0.65
21	13	33	1	G5p0	W6d0	0.170	1.59	3.06	2.23	2.19	0.80	0.89
21	13	33	2	G5p0	Y7p0	0.133	-3.16	1.80	-3.98	2.23	-2.12	0.67
22	12	34	1	Y10p0	R3p0	0.331	0.77	0.98	0.16	2.11	0.66	0.52
22	12	34	2	Y10p0	G6p0	0.141	1.80	2.18	-0.98	1.58	0.95	0.73
22	12	34	3	Y10p0	W4d0	0.091	-4.72	1.59	-2.22	1.88	-5.67	0.65
23	11	35	1	Wxd0	G7p0	0.252	-2.30	1.43	-0.38	2.28	-1.65	0.56
23	11	35	2	Wxd0	Y7p0	0.158	-6.29	1.67	-1.89	2.04	-1.88	0.59
24	10	36	1	R3p0	G6p0	0.190	0.02	0.87	0.88	1.68	1.03	0.64
24	10	36	2	R3p0	Gxp0	0.157	-7.11	1.82	-9.12	2.34	-7.62	0.66
24	10	36	3	R3p0	W4d0	0.062	-5.95	1.48	-7.47	2.24	-6.17	0.63
25	9	37	1	G7p0	Bxd0	0.214	4.71	3.37	0.08	2.09	2.21	0.87
25	9	37	2	G7p0	Y7p0	0.175	-1.83	2.12	0.00	2.05	-0.68	0.64
26	8	38	1	G6p0	Gxp0	0.054	-12.35	2.51	-11.80	2.07	-13.35	0.67
26	8	38	2	G6p0	G6p3	0.032	2.14	1.18	-2.73	2.61	-3.30	0.73
26	8	38	3	G6p0	G6p1	0.031	4.71	1.70	-1.84	2.87	-3.81	0.72
26	8	38	4	G6p0	R7p0	0.030	-5.45	2.56	-7.75	1.98	-5.91	0.60
27	7	39	1	G7p0	W6d0	0.266	-0.82	1.69	0.83	1.54	-2.03	0.50
27	7	39	2	G7p0	Y7p0	0.169	-1.88	1.20	1.16	1.85	-2.60	0.45
28	6	40	1	G9p3	G9p1	0.233	1.36	2.01	1.31	1.14	-0.15	0.34
28	6	40	2	G9p3	G9p2	0.210	-3.38	1.99	0.44	0.96	0.54	0.48
28	6	40	3	G9p3	G9p0	0.160	1.94	1.88	3.14	1.58	-3.31	0.58
28	6	40	4	G9p3	R7p3	0.034	-0.82	1.92	0.56	0.89	-0.31	0.47
29	14	35	1	Y2p0	G8p0	0.357	2.19	2.57	-0.30	1.69	0.96	0.80
29	14	35	2	Y2p0	G8d0	0.078	-2.93	3.02	-8.23	2.21	-3.42	0.85
29	14	35	3	Y2p0	R8d0	0.036	-18.47	3.19	-18.67	2.98	-17.15	0.95
30	13	36	1	W2p0	Yxd0	0.161	-6.33	2.36	-4.25	2.24	-1.39	0.83
30	13	36	2	W2p0	W2p2	0.145	-4.06	3.26	-0.61	3.89	-1.38	0.93
30	13	36	3	W2p0	R9p0	0.128	-3.85	2.88	-0.94	2.44	-2.77	0.84
30	13	36	4	W2p0	Yxd2	0.045	0.26	2.72	-3.84	3.59	-1.93	0.90
31	12	37	1	G8p0	R8d0	0.158	1.72	1.81	3.92	1.91	1.72	0.70
31	12	37	2	G8p0	G8d0	0.102	-1.98	2.18	-2.02	2.19	-3.06	0.71
31	12	37	3	G8p0	Y6p0	0.080	-6.23	1.64	-5.48	2.13	-7.29	0.68
31	12	37	4	G8p0	Wxd0	0.054	-8.26	2.95	-14.06	3.08	-8.13	0.84
